Airlines,filename
Delta Air Lines,1sz0kf8wcmj0q8n3pu6mg61gl158vvz1.png
J-Air,0a11ac1decd86a30357c342532652129.jpg
Volaris,0a11ac1decd86a30357c342532652129.jpg
Discover Airlines,nqr1pjql5qs3dp8rz2a4zzq7rn0xyp6k.png
Beijing Capital Airlines,0c82dd9e77b50088cd2f6ed6c223169c.jpg
Edelweiss Air,6zpijbg5jv4jftpftpmla6xbizne28d9.png
Shanghai Airlines,0a11ac1decd86a30357c342532652129.jpg
J-Air,0a11ac1decd86a30357c342532652129.jpg
British Airways,cwncgabxti09zmf36t4phvaz1xzv10wu.png
Tunisair,0a11ac1decd86a30357c342532652129.jpg
Delta Air Lines,1sz0kf8wcmj0q8n3pu6mg61gl158vvz1.png
Virgin Atlantic,antbx4oxst0z5o6pe2g1thrjr0dz073j.png
Hainan Airlines,0a11ac1decd86a30357c342532652129.jpg
Shandong Airlines,0a11ac1decd86a30357c342532652129.jpg
Volaris,0a7ad777907100af0e692c9675b7c9f9.jpg
Alaska Airlines,nqr1pjql5qs3dp8rz2a4zzq7rn0xyp6k.png
Fiji Link,0a11ac1decd86a30357c342532652129.jpg
Flynas,0a11ac1decd86a30357c342532652129.jpg
Avianca,0a11ac1decd86a30357c342532652129.jpg
EVA Air,0a11ac1decd86a30357c342532652129.jpg
Air Do,0a11ac1decd86a30357c342532652129.jpg
Lucky Air,0bc2d39861a25d74b8b734246304726d.jpg
Volaris,0a11ac1decd86a30357c342532652129.jpg
ATA Airlines,0bc2d39861a25d74b8b734246304726d.jpg
Air Do,0a11ac1decd86a30357c342532652129.jpg
Avianca,0a11ac1decd86a30357c342532652129.jpg
Serene Air,0bc2d39861a25d74b8b734246304726d.jpg
Avianca,0a11ac1decd86a30357c342532652129.jpg
Safarilink,0a11ac1decd86a30357c342532652129.jpg
Air Transat,0a11ac1decd86a30357c342532652129.jpg
Discover Airlines,0a11ac1decd86a30357c342532652129.jpg
TransNusa,0a11ac1decd86a30357c342532652129.jpg
ATA Airlines,0a11ac1decd86a30357c342532652129.jpg
flydubai,0a11ac1decd86a30357c342532652129.jpg
Shanghai Airlines,0a11ac1decd86a30357c342532652129.jpg
Volaris,0a7ad777907100af0e692c9675b7c9f9.jpg
Volaris,0a7ad777907100af0e692c9675b7c9f9.jpg
flynas,0a11ac1decd86a30357c342532652129.jpg
Volaris,0a11ac1decd86a30357c342532652129.jpg
