Airlines,image_id
Delta Air Lines,1sz0kf8wcmj0q8n3pu6mg61gl158vvz1.png
S7 Airlines,0a7ad777907100af0e692c9675b7c9f9.jpg
Shanghai Airlines,0a11ac1decd86a30357c342532652129.jpg
WestJet,0a7ad777907100af0e692c9675b7c9f9.jpg
British Airways,cwncgabxti09zmf36t4phvaz1xzv10wu.png
Southwest Airlines,0a7ad777907100af0e692c9675b7c9f9.jpg
LATAM Brasil,0a7ad777907100af0e692c9675b7c9f9.jpg
Shanghai Airlines,0a11ac1decd86a30357c342532652129.jpg
flydubai,0a7ad777907100af0e692c9675b7c9f9.jpg
Sichuan Airlines,0a7ad777907100af0e692c9675b7c9f9.jpg
Thai AirAsia,0a7ad777907100af0e692c9675b7c9f9.jpg
Airblue,0ac83693b42f451f27c992a887c38887.jpg
Delta Air Lines,1sz0kf8wcmj0q8n3pu6mg61gl158vvz1.png
Air Do,0a11ac1decd86a30357c342532652129.jpg
flynas,0a11ac1decd86a30357c342532652129.jpg
WestJet,0a7ad777907100af0e692c9675b7c9f9.jpg
Thai AirAsia,0a7ad777907100af0e692c9675b7c9f9.jpg
Ruili Airlines,0bc2d39861a25d74b8b734246304726d.jpg
Virgin Atlantic,antbx4oxst0z5o6pe2g1thrjr0dz073j.png
CM Airlines,0a7ad777907100af0e692c9675b7c9f9.jpg
Avianca,0a7ad777907100af0e692c9675b7c9f9.jpg
Beijing Capital Airlines,0a11ac1decd86a30357c342532652129.jpg
J-Air,0a11ac1decd86a30357c342532652129.jpg
WestJet,0a7ad777907100af0e692c9675b7c9f9.jpg
Air Do,0a11ac1decd86a30357c342532652129.jpg
Avianca,0a7ad777907100af0e692c9675b7c9f9.jpg
Discover Airlines,nqr1pjql5qs3dp8rz2a4zzq7rn0xyp6k.png
Discover Airlines,0a11ac1decd86a30357c342532652129.jpg
Skymark Airlines,0a11ac1decd86a30357c342532652129.jpg
Avianca,0a7ad777907100af0e692c9675b7c9f9.jpg
Cebu Pacific,0a7ad777907100af0e692c9675b7c9f9.jpg
TransNusa,0a11ac1decd86a30357c342532652129.jpg
Sichuan Airlines,0a7ad777907100af0e692c9675b7c9f9.jpg
ATA Airlines,0a11ac1decd86a30357c342532652129.jpg
SCAT Airlines,0a11ac1decd86a30357c342532652129.jpg
J-Air,0a11ac1decd86a30357c342532652129.jpg
Edelweiss Air,6zpijbg5jv4jftpftpmla6xbizne28d9.png
